País,Aduana Oficial,URL Aduana,Agencia de Promoción,URL Agencia
Belize,Belize Customs,https://www.customs.gov.bz/,BELTRAIDE,https://www.belizeinvest.org.bz/
Guatemala,SAT (Superintendencia de Administración Tributaria) - Aduanas,https://portal.sat.gob.gt/portal/aduanas/,PROEXPORT (Guatemala),https://www.mineco.gob.gt/
El Salvador,Dirección General de Aduanas,https://www.aduana.gob.sv/,PROESA,https://proesa.gob.sv/
Honduras,Aduanas Honduras,https://www.aduanas.gob.hn/,PROHONDURAS,https://www.sde.gob.hn/equipo-de-prohonduras/
Nicaragua,Dirección General de Servicios Aduaneros,https://www.dga.gob.ni/,PRONicaragua,http://www.pronicaragua.org/
Costa Rica,Dirección General de Aduanas,https://www.hacienda.go.cr/contenido/142-direccion-general-de-aduanas,PROCOMER,https://www.procomer.com/
Panamá,Autoridad Nacional de Aduanas (ANA),https://www.ana.gob.pa/,ProPanama,https://www.propanama.gob.pa/
República Dominicana,Dirección General de Aduanas,https://www.aduanas.gob.do/,ProDominicana,https://prodominicana.gob.do/
Jamaica,Jamaica Customs Agency,https://www.jacustoms.gov.jm/,Jamaica Promotions Corporation (JAMPRO),https://dobusinessjamaica.com/
Bahamas,Bahamas Customs,https://www.bahamas.gov.bs/,Bahamas Investment Authority (BIA),https://www.bahamas.gov.bs/bahamas-investment-authority-businesses
Trinidad y Tobago,Customs and Excise Division,https://www.customs.gov.tt/,InvesTT,https://www.investt.co.tt/
Caribe Regional,CARICOM,https://caricom.org/,Caribbean Export Development Agency,https://www.carib-export.com/
